,Page,description,Translated Text,Name,hyperlink,img
0,https://www.devatus.fi,"ral evatus FRONTPA

 

   

PACESETTER OF TF

digital world

 

devatus FRONTP,

At Devatus, we believe that developing digital services does noth
development and as a trusted partner, we want to offer our custo
stand by o

We support you from technology consulting to prototyping and f
design together a world

 

Consulting Design & research

End to end digitalisation
services

Our service offering can be divided into four areas, forming the
cornerstones of our value proposition to our clients. We can deliver
assignments in any part of our service offering, or large end-to-end
projects covering all service areas together.

Pea

 

Our happy","ral evatus FRONTPA

 

   

PACESETTER OF TF

digital world

 

devatus FRONTP,

At Devatus, we believe that developing digital services does noth
development and as a trusted partner, we want to offer our custo
stand by o

We support you from technology consulting to prototyping and f
design together a world

 

Consulting Design & research

End to end digitalisation
services

Our service offering can be divided into four areas, forming the
cornerstones of our value proposition to our clients. We can deliver
assignments in any part of our service offering, or large end-to-end
projects covering all service areas together.

Pea

 

Our happy",Devatus - pacesetter of the digital world.png,"=HYPERLINK(file:///https:XXwww.devatus.fi,Devatus%20-%20pacesetter%20of%20the%20digital%20world.png)","['https:XXwww.devatus.fi,Devatus%20-%20pacesetter%20of%20the%20digital%20world.png']"
1,https://www.devatus.fi,"devatus FRONTPA

 

     

PACESETTER OF TF

digital world

devatus FRONTP,

At Devatus, we believe that developing digital services does noth
development and as a trusted partner, we want to offer our custo
stand by o

We support you from technology consulting to prototyping and f
design together a world

 

Consulting Design & research

End to end digitalisation
services

Our service offering can be divided into four areas, forming the
cornerstones of our value proposition to our clients. We can deliver
assignments in any part of our service offering, or large end-to-end
projects covering all service areas together.

Pea

 

Our happy","devatus FRONTPA

 

     

PACESETTER OF TF

digital world

devatus FRONTP,

At Devatus, we believe that developing digital services does noth
development and as a trusted partner, we want to offer our custo
stand by o

We support you from technology consulting to prototyping and f
design together a world

 

Consulting Design & research

End to end digitalisation
services

Our service offering can be divided into four areas, forming the
cornerstones of our value proposition to our clients. We can deliver
assignments in any part of our service offering, or large end-to-end
projects covering all service areas together.

Pea

 

Our happy",Devatus - pacesetter of the digital world.png,"=HYPERLINK(file:///https:XXwww.devatus.fi,Devatus%20-%20pacesetter%20of%20the%20digital%20world.png)","['https:XXwww.devatus.fi,Devatus%20-%20pacesetter%20of%20the%20digital%20world.png']"
2,https://www.devatus.fi,"devatus i

 

devatus

           

assignments in any part of our service offering, or large «

We move smoothly between the different service areas in close cc
you, includes all the essential parts. We form cross functional tea’
same time use every opportunity for continuous learning. We uti!

same time we increase the cove

 

Consulting Design and research

 

Sa

Technologyand architectural onsulting

 

Technical PoC

UI/UX Design

Born in an entrepreneurial environment, a solid-
minded Ostrobothnian works honestly and
respectfully with customers and employees. We
have a sensitive feeling for the customer's needs and
wishes and to the individual strengths of each
employee. We recognise the strong professionalism
and enthusiasm that extends far beyond individual’s","devatus i

 

devatus

           

assignments in any part of our service offering, or large «

We move smoothly between the different service areas in close cc
you, includes all the essential parts. We form cross functional tea’
same time use every opportunity for continuous learning. We uti!

same time we increase the cove

 

Consulting Design and research

 

Sa

Technologyand architectural onsulting

 

Technical PoC

UI/UX Design

Born in an entrepreneurial environment, a solid-
minded Ostrobothnian works honestly and
respectfully with customers and employees. We
have a sensitive feeling for the customer's needs and
wishes and to the individual strengths of each
employee. We recognise the strong professionalism
and enthusiasm that extends far beyond individual’s",Devatus - end to end digitalisation services.png,"=HYPERLINK(file:///https:XXwww.devatus.fi,Devatus%20-%20end%20to%20end%20digitalisation%20services.png)","['https:XXwww.devatus.fi,Devatus%20-%20end%20to%20end%20digitalisation%20services.png']"
3,https://www.devatus.fi,"devatus

 

devatus

 

In the Design and Research step we begin working on the design of the solution, which.
on the needs and goals of your business case. In addition, we ensure the technical feasik
of the solution.

We can develop several prototypes, and test the functionality and usability in different |
This will help us further refine the design.

In the User Interface Design (UI), we carefully consider the functionality and elements c
interface and its structure, so that is as easy to use as possible.

In User Experience Design (UX), we focus on creating the desired experience for the use
considering visual and interactive elements, ergonomics, navigation and knowledge hie

iS Prototyping & conceptualizing

ma Technical PoC
J

@\ UI/UX Design","devatus

 

devatus

 

In the Design and Research step we begin working on the design of the solution, which.
on the needs and goals of your business case. In addition, we ensure the technical feasik
of the solution.

We can develop several prototypes, and test the functionality and usability in different |
This will help us further refine the design.

In the User Interface Design (UI), we carefully consider the functionality and elements c
interface and its structure, so that is as easy to use as possible.

In User Experience Design (UX), we focus on creating the desired experience for the use
considering visual and interactive elements, ergonomics, navigation and knowledge hie

iS Prototyping & conceptualizing

ma Technical PoC
J

@\ UI/UX Design",Devatus - UIUX design services.png,"=HYPERLINK(file:///https:XXwww.devatus.fi,Devatus%20-%20UIUX%20design%20services.png)","['https:XXwww.devatus.fi,Devatus%20-%20UIUX%20design%20services.png']"
4,https://www.devatus.fi,"devatus

High quality and versatile

GITAL SERVICE
DEVELOPMEN

 

   

devatus

 

After careful planning and research, we roll up our sleeves. We start developing the nev
solution, keeping in close contact with the customer throughout the development proc
digital service development areas can be divided into the following categories: mobile
applications, web applications , IT applications and integration services. We use prograr
tools that are the best for each environment with highly skilled experts.

We develop modern mobile applications for all the leading platforms, utilizing the late:
technologies in application development. Our extensive experience of technologies anc
software implementations for a wide range of industries enables us to design innovativ
unique solutions, always maintaining user friendliness.

With the help of well-functioning web applications and IT systems, we can improve org:
processes. Devatus has extensive experience in the development of complex tools fora
range of industry- and energy sectors. We are able to provide customers with agile softv
development methods utilizing visually stunning user interfaces, as well as the appropr
implementation.

Ina modern information system projects, it is almost always necessary to integrate to e
systems. With our long and diverse experience, we have a solid record when it comes to
information system integration projects. Customization of the integration interfaces are
achilles heel of integration projects, hence the different parties’ co-operation skills are c
Having strong people skills is one of our strengths, and we have often worked as the coo
party in complex IT system integration projects.

We utilize the latest and most advanced methods and tools to help us implement even
demanding digital development projects.","devatus

High quality and versatile

GITAL SERVICE
DEVELOPMEN

 

   

devatus

 

After careful planning and research, we roll up our sleeves. We start developing the nev
solution, keeping in close contact with the customer throughout the development proc
digital service development areas can be divided into the following categories: mobile
applications, web applications , IT applications and integration services. We use prograr
tools that are the best for each environment with highly skilled experts.

We develop modern mobile applications for all the leading platforms, utilizing the late:
technologies in application development. Our extensive experience of technologies anc
software implementations for a wide range of industries enables us to design innovativ
unique solutions, always maintaining user friendliness.

With the help of well-functioning web applications and IT systems, we can improve org:
processes. Devatus has extensive experience in the development of complex tools fora
range of industry- and energy sectors. We are able to provide customers with agile softv
development methods utilizing visually stunning user interfaces, as well as the appropr
implementation.

Ina modern information system projects, it is almost always necessary to integrate to e
systems. With our long and diverse experience, we have a solid record when it comes to
information system integration projects. Customization of the integration interfaces are
achilles heel of integration projects, hence the different parties’ co-operation skills are c
Having strong people skills is one of our strengths, and we have often worked as the coo
party in complex IT system integration projects.

We utilize the latest and most advanced methods and tools to help us implement even
demanding digital development projects.",Devatus - Digital Service Development.png,"=HYPERLINK(file:///https:XXwww.devatus.fi,Devatus%20-%20Digital%20Service%20Development.png)","['https:XXwww.devatus.fi,Devatus%20-%20Digital%20Service%20Development.png']"
5,https://www.devatus.fi,"devatus

 

 

devatus

 

In the final phase, we ensure the final solution’s quality and information security throug
testing, where both the application and, if required, the connected physical device is te:
realistic scenarios. Apart from manual testing we also use test automation, which enhat
efficiency and coverage of testing. Our automated testing environment is a unique verif
platform intended for testing value adding applications. Testing these applications ofte
connectivity to customers’ specific hardware, such as control cards or complete devices.

After the delivery, we take care of the maintenance of the solutions that we have develo
installing version updates and solving any problematic issues that may occur during us¢

 

Testing and test automation services","devatus

 

 

devatus

 

In the final phase, we ensure the final solution’s quality and information security throug
testing, where both the application and, if required, the connected physical device is te:
realistic scenarios. Apart from manual testing we also use test automation, which enhat
efficiency and coverage of testing. Our automated testing environment is a unique verif
platform intended for testing value adding applications. Testing these applications ofte
connectivity to customers’ specific hardware, such as control cards or complete devices.

After the delivery, we take care of the maintenance of the solutions that we have develo
installing version updates and solving any problematic issues that may occur during us¢

 

Testing and test automation services",Devatus - Software Quality Assurance services.png,"=HYPERLINK(file:///https:XXwww.devatus.fi,Devatus%20-%20Software%20Quality%20Assurance%20services.png)","['https:XXwww.devatus.fi,Devatus%20-%20Software%20Quality%20Assurance%20services.png']"
6,https://www.devatus.fi,"ae Me

devatus

 

devatus

 

Easy appr

Comprehensive
and truste

and multidisciplinary expert

Initially, work was often done at home or at the customer's office, common
premises were acquired about half a year after the establishment of the
company. The growing company currently has more than 30 employees and
the business is booming. The secret of success is in the attitudes of the team -
they work with a ‘can do’ attitude with feet firmly on the ground, without
hierarchy or traditional compartments.","ae Me

devatus

 

devatus

 

Easy appr

Comprehensive
and truste

and multidisciplinary expert

Initially, work was often done at home or at the customer's office, common
premises were acquired about half a year after the establishment of the
company. The growing company currently has more than 30 employees and
the business is booming. The secret of success is in the attitudes of the team -
they work with a ‘can do’ attitude with feet firmly on the ground, without
hierarchy or traditional compartments.",Devatus - Digital service development.png,"=HYPERLINK(file:///https:XXwww.devatus.fi,Devatus%20-%20Digital%20service%20development.png)","['https:XXwww.devatus.fi,Devatus%20-%20Digital%20service%20development.png']"
